{
    "version": "2.0.0",
    "tasks": [
        {
            "label": "My Task",
            "command": "echo hello",
            "type": "shell",
            "args": [],
            "problemMatcher": [
                "$tsc"
            ],
            "presentation": {
                "reveal": "always"
            },
            "group": "build"
        }
    ]
}{
    // See https://go.microsoft.com/fwlink/?LinkId=733558
    // for the documentation about the tasks.json format
    "version": "2.0.0",
    "tasks": [
        {
            "label": "build",
            "type": "shell",
            "command": "msbuild",
            "args": [
                // Ask msbuild to generate full paths for file names.
                "/property:GenerateFullPaths=true",
                "/t:build",
                // Do not generate summary otherwise it leads to duplicate errors in Problems panel
                "/consoleloggerparameters:NoSummary"
            ],
            "group": "build",
            "presentation": {
                // Reveal the output only if unrecognized errors occur.
                "reveal": "silent"
            },
            // Use the standard MS compiler pattern to detect errors, warnings and infos
            "problemMatcher": "$msCompile"
        }
    ]
}{
    "explorer.confirmDelete": false,
    "git.ignoreMissingGitWarning": true,
    "workbench.colorTheme": "Visual Studio 2019 Dark",
    "files.autoSave": "afterDelay"
    {
        // Use IntelliSense to learn about possible attributes.
        // Hover to view descriptions of existing attributes.
        // For more information, visit: https://go.microsoft.com/fwlink/?linkid=830387
        "version": "0.2.0",
        "configurations": [
            {
                "type": "pwa-chrome",
                "request": "launch",
                "name": "Launch Chrome against localhost",
                "url": "http://localhost:8080",
                "webRoot": "${workspaceFolder}"
            }
        ]
    }